<?xml version="1.0" encoding="utf-8" ?>
<theme name="Welcome 2 Mars Theme" screenscaling="1" uiscaling="1">
    <authors>
        <author name="Dario Welcome" url="https://welcome2mars.itch.io" />
    </authors>
    <fonts>
        <font id="default" name="Verdana" type="truetype" file="Verdana.TTF" size="11">
            <fallback font="Unicode" size="12" />
        </font>
        <font id="mini" font="Verdana" size="10">
            <fallback font="Unicode" size="11" />
        </font>
    </fonts>
    <dimensions>
        <dim id="scrollbar_size" value="10" />
        <dim id="mini_scrollbar_size" value="10" />
        <dim id="tabs_width" value="180" />
        <dim id="tabs_height" value="28" />
        <dim id="tabs_bottom_height" value="10" />
        <dim id="docked_tabs_height" value="24" />
        <dim id="tabs_close_icon_width" value="24" />
        <dim id="tabs_close_icon_height" value="24" />
        <dim id="tabs_icon_width" value="20" />
        <dim id="timeline_top_border" value="1" />
        <dim id="timeline_tags_area_height" value="2" />
        <dim id="timeline_outline_width" value="1" />
        <dim id="palette_outline_width" value="1" />
        <dim id="color_slider_height" value="24" />
        <dim id="timeline_base_size" value="20" />
        <dim id="color_bar_buttons_height" value="16" />
        <dim id="context_bar_height" value="18" />
        <dim id="brush_type_width" value="16" />
        <dim id="color_selector_bar_size" value="14" />
    </dimensions>
    <colors>
        <color id="text" value="#d8dbe4" />
        <color id="disabled" value="#5d5d5d" />
        <color id="face" value="#1f1f1f" />
        <color id="hot_face" value="#faf0e6" />
        <color id="selected" value="#6b6b6b" />
        <color id="separator_label" value="#d8dbe4" />
        <color id="background" value="#0d0d0d" />
        <color id="textbox_text" value="#FFFFFF" />
        <color id="textbox_face" value="#1f1f1f" />
        <color id="textbox_code_face" value="#d8dbe4" />
        <color id="entry_suffix" value="#d8dbe4" />
        <color id="link_text" value="#6b6b6b" />
        <color id="link_hover" value="#575757" />
        <color id="button_normal_text" value="#d8dbe4" />
        <color id="button_hot_text" value="#d8dbe4" />
        <color id="button_selected_text" value="#d8dbe4" />
        <color id="check_hot_face" value="#1e1e1e" />
        <color id="check_focus_face" value="#1f1f1f" />
        <color id="radio_hot_face" value="#1e1e1e" />
        <color id="radio_focus_face" value="#1f1f1f" />
        <color id="menuitem_normal_text" value="#d8dbe4" />
        <color id="menuitem_normal_face" value="#1f1f1f" />
        <color id="menuitem_hot_text" value="#d8dbe4" />
        <color id="menuitem_hot_face" value="#1f1f1f" />
        <color id="menuitem_highlight_text" value="#d8dbe4" />
        <color id="menuitem_highlight_face" value="#3b5689" />
        <color id="window_face" value="#1f1f1f" />
        <color id="window_titlebar_text" value="#d8dbe4" />
        <color id="window_titlebar_face" value="#1f1f1f" />
        <color id="editor_face" value="#0d0d0d" />
        <color id="editor_sprite_border" value="#000000" />
        <color id="editor_sprite_bottom_border" value="#1f1f1f" />
        <color id="editor_view_face" value="#000000" />
        <color id="listitem_normal_text" value="#d8dbe4" />
        <color id="listitem_normal_face" value="#1f1f1f" />
        <color id="listitem_selected_text" value="#d8dbe4" />
        <color id="listitem_selected_face" value="#6b6b6b" />
        <color id="slider_empty_text" value="#1f1f1f" />
        <color id="slider_full_text" value="#d8dbe4" />
        <color id="tab_normal_text" value="#888888" />
        <color id="tab_active_text" value="#d8dbe4" />mS
        <color id="tab_active_face" value="#1f1f1f" />
        <color id="popup_window_border" value="#000000" />
        <color id="tooltip_text" value="#000000" />
        <color id="tooltip_face" value="#424242" />
        <color id="filelist_even_row_text" value="#d8dbe4" />
        <color id="filelist_even_row_face" value="#1f1f1f" />
        <color id="filelist_odd_row_text" value="#d8dbe4" />
        <color id="filelist_odd_row_face" value="#242424" />
        <color id="filelist_selected_row_text" value="#d8dbe4" />
        <color id="filelist_selected_row_face" value="#6b6b6b" />
        <color id="filelist_disabled_row_text" value="#4a4a4a" />
        <color id="workspace" value="#1f1f1f" />
        <color id="workspace_text" value="#d8dbe4" />
        <color id="workspace_link" value="#d8dbe4" />
        <color id="workspace_link_hover" value="#575757" />
        <color id="timeline_normal" value="#1f1f1f" />
        <color id="timeline_normal_text" value="#999999" />
        <color id="timeline_hover" value="#191919" />
        <color id="timeline_hover_text" value="#d8dbe4" />
        <color id="timeline_active" value="#0d0d0d" />
        <color id="timeline_active_text" value="#d8dbe4" />
        <color id="timeline_active_hover" value="#4d4d4d" />
        <color id="timeline_active_hover_text" value="#d8dbe4" />
        <color id="timeline_clicked" value="#4d4d4d" />
        <color id="timeline_clicked_text" value="#d8dbe4" />
        <color id="timeline_padding" value="#7d929e" />
        <color id="timeline_band_highlight" value="#111111" />
        <color id="timeline_band_bg" value="#76858e" />
        <color id="status_bar_text" value="#6b6b6b" />
        <color id="status_bar_face" value="#1f1f1f" />
        <color id="flag_normal" value="#d8dbe4" />
        <color id="flag_active" value="#575757" />
        <color id="flag_clicked" value="#6b6b6b" />
        <color id="select_box_ruler" value="#0000ff" />
        <color id="select_box_grid" value="#64c864" />
        <color id="text_hot" value="#000000" />
    </colors>
    <parts>
        <part id="cursor_normal" x="160" y="0" w="32" h="32" focusx="0" focusy="0" />
        <part id="cursor_normal_add" x="160" y="32" w="32" h="32" focusx="0" focusy="0" />
        <part id="cursor_crosshair" x="192" y="64" w="32" h="32" focusx="16" focusy="15" />
        <part id="cursor_forbidden" x="160" y="64" w="32" h="32" focusx="0" focusy="0" />
        <part id="cursor_hand" x="160" y="96" w="32" h="32" focusx="10" focusy="6" />
        <part id="cursor_scroll" x="160" y="128" w="32" h="32" focusx="16" focusy="16" />
        <part id="cursor_move" x="160" y="160" w="32" h="32" focusx="0" focusy="0" />
        <part id="cursor_move_selection" x="192" y="160" w="32" h="32" focusx="0" focusy="0" />
        <part id="cursor_size_ns" x="160" y="224" w="32" h="32" focusx="16" focusy="16" />
        <part id="cursor_size_we" x="160" y="288" w="32" h="32" focusx="16" focusy="16" />
        <part id="cursor_size_n" x="160" y="224" w="32" h="32" focusx="16" focusy="16" />
        <part id="cursor_size_ne" x="160" y="256" w="32" h="32" focusx="16" focusy="16" />
        <part id="cursor_size_e" x="160" y="320" w="32" h="32" focusx="16" focusy="16" />
        <part id="cursor_size_se" x="160" y="416" w="32" h="32" focusx="16" focusy="16" />
        <part id="cursor_size_s" x="160" y="384" w="32" h="32" focusx="16" focusy="16" />
        <part id="cursor_size_sw" x="160" y="352" w="32" h="32" focusx="16" focusy="16" />
        <part id="cursor_size_w" x="160" y="288" w="32" h="32" focusx="16" focusy="16" />
        <part id="cursor_size_nw" x="160" y="192" w="32" h="32" focusx="16" focusy="16" />
        <part id="cursor_rotate_n" x="480" y="384" w="32" h="32" focusx="16" focusy="16" />
        <part id="cursor_rotate_ne" x="512" y="320" w="32" h="32" focusx="16" focusy="16" />
        <part id="cursor_rotate_e" x="512" y="352" w="32" h="32" focusx="16" focusy="16" />
        <part id="cursor_rotate_se" x="512" y="416" w="32" h="32" focusx="16" focusy="16" />
        <part id="cursor_rotate_s" x="512" y="384" w="32" h="32" focusx="16" focusy="16" />
        <part id="cursor_rotate_sw" x="480" y="416" w="32" h="32" focusx="16" focusy="16" />
        <part id="cursor_rotate_w" x="480" y="352" w="32" h="32" focusx="16" focusy="16" />
        <part id="cursor_rotate_nw" x="480" y="320" w="32" h="32" focusx="16" focusy="16" />
        <part id="cursor_eyedropper" x="160" y="448" w="32" h="32" focusx="15" focusy="16" />
        <part id="cursor_magnifier" x="160" y="480" w="32" h="32" focusx="10" focusy="10" />
        <part id="radio_normal" x="128" y="128" w="16" h="16" />
        <part id="radio_selected" x="128" y="160" w="16" h="16" />
        <part id="radio_disabled" x="128" y="128" w="16" h="16" />
        <part id="check_normal" x="96" y="128" w="16" h="16" />
        <part id="check_selected" x="96" y="160" w="16" h="16" />
        <part id="check_disabled" x="96" y="128" w="16" h="16" />
        <part id="check_focus" x="64" y="128" w1="4" w2="12" w3="4" h1="4" h2="12" h3="4" />
        <part id="radio_focus" x="64" y="128" w1="4" w2="12" w3="4" h1="4" h2="12" h3="4" />
        <part id="button_normal" x="96" y="0" w1="8" w2="12" w3="8" h1="8" h2="12" h3="8" />
        <part id="button_hot" x="128" y="0" w1="8" w2="12" w3="8" h1="8" h2="12" h3="8" />
        <part id="button_focused" x="96" y="32" w1="8" w2="12" w3="8" h1="8" h2="12" h3="8" />
        <part id="button_selected" x="128" y="32" w1="8" w2="12" w3="8" h1="8" h2="12" h3="8" />
        <part id="sunken_normal" x="0" y="64" w1="8" w2="8" w3="8" h1="8" h2="8" h3="8" />
        <part id="sunken_focused" x="0" y="96" w1="8" w2="8" w3="8" h1="8" h2="8" h3="8" />
        <part id="sunken2_normal" x="0" y="128" w1="10" w2="12" w3="10" h1="10" h2="12" h3="10" />
        <part id="sunken2_focused" x="0" y="160" w1="10" w2="12" w3="10" h1="10" h2="12" h3="10" />
        <part id="sunken_mini_normal" x="32" y="128" w1="8" w2="8" w3="8" h1="6" h2="12" h3="6" />
        <part id="sunken_mini_focused" x="32" y="160" w1="8" w2="8" w3="8" h1="6" h2="12" h3="6" />
        <part id="window" x="0" y="0" w1="6" w2="14" w3="6" h1="30" h2="8" h3="10" />
        <part id="menu" x="0" y="192" w1="6" w2="20" w3="6" h1="6" h2="18" h3="8" />
        <part id="window_button_normal" x="32" y="0" w="18" h="22" />
        <part id="window_button_hot" x="50" y="0" w="18" h="22" />
        <part id="window_button_selected" x="68" y="0" w="18" h="22" />
        <part id="window_close_icon" x="32" y="22" w="10" h="12" />
        <part id="window_play_icon" x="42" y="22" w="10" h="12" />
        <part id="window_stop_icon" x="52" y="22" w="10" h="12" />
        <part id="window_center_icon" x="62" y="22" w="10" h="12" />
        <part id="slider_full" x="0" y="288" w1="10" w2="12" w3="10" h1="10" h2="10" h3="12" />
        <part id="slider_empty" x="32" y="288" w1="10" w2="12" w3="10" h1="10" h2="10" h3="12" />
        <part id="slider_full_focused" x="0" y="320" w1="10" w2="12" w3="10" h1="10" h2="10" h3="12" />
        <part id="slider_empty_focused" x="32" y="320" w1="10" w2="12" w3="10" h1="10" h2="10" h3="12" />
        <part id="mini_slider_full" x="64" y="288" w1="4" w2="24" w3="4" h1="4" h2="22" h3="6" />
        <part id="mini_slider_empty" x="96" y="288" w1="4" w2="24" w3="4" h1="4" h2="22" h3="6" />
        <part id="mini_slider_full_focused" x="64" y="320" w1="4" w2="24" w3="4" h1="4" h2="22" h3="6" />
        <part id="mini_slider_empty_focused" x="96" y="320" w1="4" w2="24" w3="4" h1="4" h2="22" h3="6" />
        <part id="mini_slider_thumb" x="64" y="352" w="10" h="8" />
        <part id="mini_slider_thumb_focused" x="96" y="352" w="10" h="8" />
        <part id="separator_horz" x="64" y="160" w="18" h="10" />
        <part id="separator_vert" x="64" y="192" w="10" h="18" />
        <part id="combobox_arrow_down" x="200" y="296" w="18" h="18" />
        <part id="combobox_arrow_down_selected" x="232" y="296" w="18" h="18" />
        <part id="combobox_arrow_down_disabled" x="264" y="296" w="18" h="18" />
        <part id="combobox_arrow_up" x="200" y="326" w="18" h="18" />
        <part id="combobox_arrow_up_selected" x="232" y="326" w="18" h="18" />
        <part id="combobox_arrow_up_disabled" x="264" y="326" w="18" h="18" />
        <part id="combobox_arrow_left" x="198" y="360" w="18" h="18" />
        <part id="combobox_arrow_left_selected" x="230" y="360" w="18" h="18" />
        <part id="combobox_arrow_left_disabled" x="262" y="360" w="18" h="18" />
        <part id="combobox_arrow_right" x="198" y="392" w="18" h="18" />
        <part id="combobox_arrow_right_selected" x="230" y="392" w="18" h="18" />
        <part id="combobox_arrow_right_disabled" x="262" y="392" w="18" h="18" />
        <part id="newfolder" x="198" y="422" w="18" h="18" />
        <part id="newfolder_selected" x="230" y="422" w="18" h="18" />
        <part id="toolbutton_normal" x="192" y="0" w1="6" w2="20" w3="6" h1="6" h2="18" h3="8" />
        <part id="toolbutton_hot" x="224" y="0" w1="6" w2="20" w3="6" h1="6" h2="18" h3="8" />
        <part id="toolbutton_last" x="192" y="32" w1="6" w2="20" w3="6" h1="6" h2="18" h3="8" />
        <part id="toolbutton_pushed" x="224" y="32" w1="6" w2="20" w3="6" h1="6" h2="18" h3="8" />
        <part id="toolbutton_hot_focused" x="256" y="0" w1="6" w2="20" w3="6" h1="6" h2="18" h3="8" />
        <part id="toolbutton_focused" x="256" y="32" w1="6" w2="20" w3="6" h1="6" h2="18" h3="8" />
        <part id="buttonset_item_normal" x="192" y="32" w1="6" w2="20" w3="6" h1="6" h2="18" h3="8" />
        <part id="buttonset_item_hot" x="224" y="0" w1="6" w2="20" w3="6" h1="6" h2="18" h3="8" />
        <part id="buttonset_item_hot_focused" x="256" y="0" w1="6" w2="20" w3="6" h1="6" h2="18" h3="8" />
        <part id="buttonset_item_focused" x="256" y="32" w1="6" w2="20" w3="6" h1="6" h2="18" h3="8" />
        <part id="buttonset_item_pushed" x="224" y="32" w1="6" w2="20" w3="6" h1="6" h2="18" h3="8" />
        <part id="tab_normal" x="4" y="224" w1="8" w2="12" w3="8" h1="7" h2="13" h3="4" />
        <part id="tab_active" x="32" y="224" w1="8" w2="14" w3="10" h1="7" h2="13" h3="4" />
        <part id="tab_bottom_active" x="32" y="248" w1="8" w2="14" w3="10" h1="3" h2="2" h3="3" />
        <part id="tab_bottom_normal" x="4" y="248" w="27" h="8" />
        <part id="tab_filler" x="0" y="224" w="4" h="24" />
        <part id="tab_modified_icon_normal" x="64" y="224" w="10" h="10" />
        <part id="tab_modified_icon_active" x="64" y="234" w="10" h="10" />
        <part id="tab_close_icon_normal" x="74" y="224" w="10" h="10" />
        <part id="tab_close_icon_active" x="74" y="234" w="10" h="10" />
        <part id="tab_icon_bg_clicked" x="84" y="224" w="28" h="24" />
        <part id="tab_icon_bg_hover" x="112" y="224" w="28" h="24" />
        <part id="tab_home_icon_normal" x="64" y="480" w="14" h="16" />
        <part id="tab_home_icon_active" x="80" y="480" w="14" h="16" />
        <part id="editor_normal" x="80" y="192" w1="6" w2="20" w3="6" h1="6" h2="20" h3="6" />
        <part id="editor_selected" x="112" y="192" w1="6" w2="20" w3="6" h1="6" h2="20" h3="6" />
        <part id="colorbar_0" x="0" y="384" w1="10" w2="12" w3="10" h1="10" h2="12" h3="10" />
        <part id="colorbar_1" x="32" y="384" w1="10" w2="12" w3="10" h1="10" h2="12" h3="10" />
        <part id="colorbar_2" x="0" y="416" w1="10" w2="12" w3="10" h1="10" h2="12" h3="10" />
        <part id="colorbar_3" x="32" y="416" w1="10" w2="12" w3="10" h1="10" h2="12" h3="10" />
        <part id="colorbar_selection_hot" x="0" y="448" w1="10" w2="12" w3="10" h1="10" h2="12" h3="10" />
        <part id="colorbar_selection" x="32" y="448" w1="10" w2="12" w3="10" h1="10" h2="12" h3="10" />
        <part id="scrollbar_bg" x="128" y="288" w1="10" w2="12" w3="10" h1="10" h2="12" h3="10" />
        <part id="scrollbar_thumb" x="128" y="320" w1="10" w2="12" w3="10" h1="10" h2="12" h3="10" />
        <part id="mini_scrollbar_bg" x="128" y="352" w1="6" w2="4" w3="6" h1="6" h2="4" h3="6" />
        <part id="mini_scrollbar_thumb" x="144" y="352" w1="6" w2="4" w3="6" h1="6" h2="4" h3="6" />
        <part id="mini_scrollbar_bg_hot" x="128" y="368" w1="6" w2="4" w3="6" h1="6" h2="4" h3="6" />
        <part id="mini_scrollbar_thumb_hot" x="144" y="368" w1="6" w2="4" w3="6" h1="6" h2="4" h3="6" />
        <part id="transparent_scrollbar_bg" x="128" y="384" w1="6" w2="4" w3="6" h1="6" h2="4" h3="6" />
        <part id="transparent_scrollbar_thumb" x="144" y="384" w1="6" w2="4" w3="6" h1="6" h2="4" h3="6" />
        <part id="transparent_scrollbar_bg_hot" x="128" y="400" w1="6" w2="4" w3="6" h1="6" h2="4" h3="6" />
        <part id="transparent_scrollbar_thumb_hot" x="144" y="400" w1="6" w2="4" w3="6" h1="6" h2="4" h3="6" />
        <part id="tooltip" x="224" y="128" w1="10" w2="12" w3="10" h1="10" h2="10" h3="12" />
        <part id="tooltip_arrow" x="256" y="128" w1="10" w2="12" w3="10" h1="10" h2="10" h3="12" />
        <part id="ani_first" x="288" y="384" w="10" h="10" />
        <part id="ani_previous" x="304" y="384" w="10" h="10" />
        <part id="ani_play" x="320" y="384" w="10" h="10" />
        <part id="ani_stop" x="336" y="384" w="10" h="10" />
        <part id="ani_next" x="352" y="384" w="10" h="10" />
        <part id="ani_last" x="368" y="384" w="10" h="10" />
        <part id="pal_edit" x="288" y="400" w="10" h="10" />
        <part id="pal_sort" x="304" y="400" w="10" h="10" />
        <part id="pal_presets" x="320" y="400" w="10" h="10" />
        <part id="pal_options" x="336" y="400" w="10" h="10" />
        <part id="pal_resize" x="352" y="400" w="10" h="10" />
        <part id="target_one" x="288" y="448" w="64" h="32" />
        <part id="target_frames" x="352" y="448" w="64" h="32" />
        <part id="target_layers" x="416" y="448" w="64" h="32" />
        <part id="target_frames_layers" x="480" y="448" w="64" h="32" />
        <part id="selection_replace" x="352" y="320" w="14" h="14" />
        <part id="selection_add" x="368" y="320" w="14" h="14" />
        <part id="selection_subtract" x="384" y="320" w="14" h="14" />
        <part id="unpinned" x="384" y="288" w="16" h="16" />
        <part id="pinned" x="400" y="288" w="16" h="16" />
        <part id="drop_down_button_left_normal" x="96" y="64" w1="6" w2="4" w3="6" h1="8" h2="12" h3="12" />
        <part id="drop_down_button_left_hot" x="128" y="64" w1="6" w2="4" w3="6" h1="8" h2="12" h3="12" />
        <part id="drop_down_button_left_focused" x="96" y="96" w1="6" w2="4" w3="6" h1="8" h2="12" h3="12" />
        <part id="drop_down_button_left_selected" x="128" y="96" w1="6" w2="4" w3="6" h1="8" h2="12" h3="12" />
        <part id="drop_down_button_right_normal" x="112" y="64" w1="4" w2="2" w3="6" h1="8" h2="12" h3="12" />
        <part id="drop_down_button_right_hot" x="144" y="64" w1="4" w2="2" w3="6" h1="8" h2="12" h3="12" />
        <part id="drop_down_button_right_focused" x="110" y="96" w1="4" w2="4" w3="6" h1="8" h2="12" h3="12" />
        <part id="drop_down_button_right_selected" x="142" y="96" w1="4" w2="4" w3="6" h1="8" h2="12" h3="12" />
        <part id="transformation_handle" x="416" y="288" w="10" h="10" />
        <part id="pivot_handle" x="450" y="290" w="15" h="15" />
        <part id="timeline_none" x="456" y="0" w1="4" w2="16" w3="4" h1="4" h2="16" h3="4" />
        <part id="timeline_normal" x="480" y="0" w1="4" w2="16" w3="4" h1="4" h2="16" h3="4" />
        <part id="timeline_active" x="504" y="0" w1="4" w2="16" w3="4" h1="4" h2="16" h3="4" />
        <part id="timeline_hover" x="528" y="0" w1="4" w2="16" w3="4" h1="4" h2="16" h3="4" />
        <part id="timeline_active_hover" x="552" y="0" w1="4" w2="16" w3="4" h1="4" h2="16" h3="4" />
        <part id="timeline_clicked" x="576" y="0" w1="4" w2="16" w3="4" h1="4" h2="16" h3="4" />
        <part id="timeline_open_eye_normal" x="480" y="24" w="24" h="24" />
        <part id="timeline_open_eye_active" x="504" y="24" w="24" h="24" />
        <part id="timeline_closed_eye_normal" x="480" y="48" w="24" h="24" />
        <part id="timeline_closed_eye_active" x="504" y="48" w="24" h="24" />
        <part id="timeline_open_padlock_normal" x="480" y="72" w="24" h="24" />
        <part id="timeline_open_padlock_active" x="504" y="72" w="24" h="24" />
        <part id="timeline_closed_padlock_normal" x="480" y="96" w="24" h="24" />
        <part id="timeline_closed_padlock_active" x="504" y="96" w="24" h="24" />
        <part id="timeline_continuous_normal" x="552" y="72" w="24" h="24" />
        <part id="timeline_continuous_active" x="576" y="72" w="24" h="24" />
        <part id="timeline_discontinuous_normal" x="552" y="96" w="24" h="24" />
        <part id="timeline_discontinuous_active" x="576" y="96" w="24" h="24" />
        <part id="timeline_closed_group_normal" x="552" y="120" w="24" h="24" />
        <part id="timeline_closed_group_active" x="576" y="120" w="24" h="24" />
        <part id="timeline_open_group_normal" x="552" y="144" w="24" h="24" />
        <part id="timeline_open_group_active" x="576" y="144" w="24" h="24" />
        <part id="timeline_empty_frame_normal" x="480" y="120" w="24" h="24" />
        <part id="timeline_empty_frame_active" x="504" y="120" w="24" h="24" />
        <part id="timeline_keyframe_normal" x="480" y="144" w="24" h="24" />
        <part id="timeline_keyframe_active" x="504" y="144" w="24" h="24" />
        <part id="timeline_from_left_normal" x="480" y="168" w="24" h="24" />
        <part id="timeline_from_left_active" x="504" y="168" w="24" h="24" />
        <part id="timeline_from_right_normal" x="480" y="192" w="24" h="24" />
        <part id="timeline_from_right_active" x="504" y="192" w="24" h="24" />
        <part id="timeline_from_both_normal" x="480" y="216" w="24" h="24" />
        <part id="timeline_from_both_active" x="504" y="216" w="24" h="24" />
        <part id="timeline_left_link_active" x="528" y="168" w="24" h="24" />
        <part id="timeline_both_links_active" x="528" y="192" w="24" h="24" />
        <part id="timeline_right_link_active" x="528" y="216" w="24" h="24" />
        <part id="timeline_gear" x="528" y="24" w="24" h="24" />
        <part id="timeline_gear_active" x="528" y="48" w="24" h="24" />
        <part id="timeline_onionskin" x="528" y="72" w="24" h="24" />
        <part id="timeline_onionskin_active" x="528" y="96" w="24" h="24" />
        <part id="timeline_onionskin_range" x="480" y="240" w1="6" w2="12" w3="6" h1="6" h2="12" h3="6" />
        <part id="timeline_padding" x="552" y="24" w1="2" w2="20" w3="2" h1="2" h2="20" h3="2" />
        <part id="timeline_padding_tr" x="576" y="24" w1="2" w2="20" w3="2" h1="2" h2="20" h3="2" />
        <part id="timeline_padding_bl" x="552" y="48" w1="2" w2="20" w3="2" h1="2" h2="20" h3="2" />
        <part id="timeline_padding_br" x="576" y="48" w1="2" w2="20" w3="2" h1="2" h2="20" h3="2" />
        <part id="timeline_drop_layer_deco" x="504" y="254" w1="6" w2="2" w3="6" h1="4" h2="2" h3="4" />
        <part id="timeline_drop_frame_deco" x="504" y="240" w1="4" w2="2" w3="4" h1="6" h2="2" h3="6" />
        <part id="timeline_loop_range" x="480" y="264" w1="8" w2="8" w3="6" h1="6" h2="12" h3="6" />
        <part id="flag_normal" x="0" y="480" w="32" h="20" />
        <part id="flag_highlight" x="32" y="480" w="32" h="20" />
        <part id="drop_pixels_ok" x="352" y="352" w="14" h="16" />
        <part id="drop_pixels_ok_selected" x="352" y="368" w="14" h="16" />
        <part id="drop_pixels_cancel" x="384" y="352" w="14" h="16" />
        <part id="drop_pixels_cancel_selected" x="384" y="368" w="14" h="16" />
        <part id="warning_box" x="224" y="160" w="18" h="20" />
        <part id="canvas_nw" x="192" y="192" w="32" h="32" />
        <part id="canvas_n" x="224" y="192" w="32" h="32" />
        <part id="canvas_ne" x="256" y="192" w="32" h="32" />
        <part id="canvas_w" x="192" y="224" w="32" h="32" />
        <part id="canvas_c" x="224" y="224" w="32" h="32" />
        <part id="canvas_e" x="256" y="224" w="32" h="32" />
        <part id="canvas_sw" x="192" y="256" w="32" h="32" />
        <part id="canvas_s" x="224" y="256" w="32" h="32" />
        <part id="canvas_se" x="256" y="256" w="32" h="32" />
        <part id="canvas_empty" x="192" y="192" w="2" h="2" />
        <part id="ink_simple" x="288" y="288" w="32" h="32" />
        <part id="ink_alpha_compositing" x="320" y="288" w="32" h="32" />
        <part id="ink_copy_color" x="288" y="320" w="32" h="32" />
        <part id="ink_lock_alpha" x="320" y="320" w="32" h="32" />
        <part id="ink_shading" x="288" y="352" w="32" h="32" />
        <part id="selection_opaque" x="416" y="352" w="32" h="20" />
        <part id="selection_masked" x="448" y="352" w="32" h="20" />
        <part id="pivot_northwest" x="416" y="384" w="14" h="14" />
        <part id="pivot_north" x="432" y="384" w="14" h="14" />
        <part id="pivot_northeast" x="448" y="384" w="14" h="14" />
        <part id="pivot_west" x="416" y="400" w="14" h="14" />
        <part id="pivot_center" x="432" y="400" w="14" h="14" />
        <part id="pivot_east" x="448" y="400" w="14" h="14" />
        <part id="pivot_southwest" x="416" y="416" w="14" h="14" />
        <part id="pivot_south" x="432" y="416" w="14" h="14" />
        <part id="pivot_southeast" x="448" y="416" w="14" h="14" />
        <part id="icon_rgb" x="0" y="512" w="32" h="32" />
        <part id="icon_grayscale" x="32" y="512" w="32" h="32" />
        <part id="icon_indexed" x="64" y="512" w="32" h="32" />
        <part id="icon_black" x="96" y="512" w="32" h="32" />
        <part id="icon_white" x="128" y="512" w="32" h="32" />
        <part id="icon_transparent" x="160" y="512" w="32" h="32" />
        <part id="color_wheel_indicator" x="96" y="384" w="8" h="8" />
        <part id="no_symmetry" x="288" y="480" w="26" h="26" />
        <part id="horizontal_symmetry" x="320" y="480" w="26" h="26" />
        <part id="vertical_symmetry" x="352" y="480" w="26" h="26" />
        <part id="icon_arrow_down" x="288" y="512" w="14" h="8" />
        <part id="icon_close" x="304" y="512" w="14" h="14" />
        <part id="icon_search" x="320" y="512" w="16" h="16" />
        <part id="icon_user_data" x="336" y="512" w="16" h="16" />
        <part id="icon_pos" x="288" y="528" w="16" h="16" />
        <part id="icon_size" x="304" y="528" w="16" h="16" />
        <part id="icon_selsize" x="320" y="528" w="16" h="16" />
        <part id="icon_frame" x="336" y="528" w="16" h="16" />
        <part id="icon_clock" x="352" y="528" w="16" h="16" />
        <part id="icon_start" x="368" y="528" w="16" h="16" />
        <part id="icon_end" x="384" y="528" w="16" h="16" />
        <part id="icon_angle" x="400" y="528" w="16" h="16" />
        <part id="icon_key" x="416" y="528" w="16" h="16" />
        <part id="icon_distance" x="432" y="528" w="16" h="16" />
        <part id="icon_grid" x="448" y="528" w="16" h="16" />
        <part id="icon_save" x="464" y="528" w="16" h="16" />
        <part id="icon_save_small" x="480" y="528" w="16" h="16" />
        <part id="icon_slice" x="496" y="528" w="16" h="16" />
        <part id="tool_rectangular_marquee" x="288" y="0" w="32" h="32" />
        <part id="tool_elliptical_marquee" x="320" y="0" w="32" h="32" />
        <part id="tool_lasso" x="352" y="0" w="32" h="32" />
        <part id="tool_polygonal_lasso" x="384" y="0" w="32" h="32" />
        <part id="tool_magic_wand" x="416" y="0" w="32" h="32" />
        <part id="tool_pencil" x="288" y="32" w="32" h="32" />
        <part id="tool_spray" x="320" y="32" w="32" h="32" />
        <part id="tool_eraser" x="288" y="64" w="32" h="32" />
        <part id="tool_eyedropper" x="320" y="64" w="32" h="32" />
        <part id="tool_hand" x="352" y="64" w="32" h="32" />
        <part id="tool_move" x="384" y="64" w="32" h="32" />
        <part id="tool_zoom" x="416" y="64" w="32" h="32" />
        <part id="tool_slice" x="448" y="64" w="32" h="32" />
        <part id="tool_paint_bucket" x="288" y="96" w="32" h="32" />
        <part id="tool_line" x="288" y="128" w="32" h="32" />
        <part id="tool_curve" x="320" y="128" w="32" h="32" />
        <part id="tool_rectangle" x="288" y="160" w="32" h="32" />
        <part id="tool_filled_rectangle" x="320" y="160" w="32" h="32" />
        <part id="tool_ellipse" x="352" y="160" w="32" h="32" />
        <part id="tool_filled_ellipse" x="384" y="160" w="32" h="32" />
        <part id="tool_contour" x="288" y="192" w="32" h="32" />
        <part id="tool_polygon" x="320" y="192" w="32" h="32" />
        <part id="tool_blur" x="320" y="224" w="32" h="32" />
        <part id="tool_jumble" x="352" y="224" w="32" h="32" />
        <part id="tool_configuration" x="288" y="256" w="32" h="32" />
        <part id="tool_minieditor" x="320" y="256" w="32" h="32" />
        <part id="simple_color_border" x="32" y="64" w1="6" w2="12" w3="6" h1="6" h2="12" h3="6" />
        <part id="simple_color_selected" x="64" y="64" w1="6" w2="12" w3="6" h1="6" h2="12" h3="6" />
        <part id="tool_gradient" x="320" y="96" w="32" h="32" />
        <part id="aseprite_face" x="0" y="544" w="56" h="60" />
        <part id="aseprite_face_mouse" x="56" y="544" w="56" h="60" />
        <part id="aseprite_face_pushed" x="112" y="544" w="56" h="60" />
        <part id="Slice" x="0" y="0" w="0" h="0" />
        <part id="selection_intersect" x="400" y="320" w="14" h="14" />
        <part id="timeline_focused" x="456" y="24" w1="4" w2="16" w3="4" h1="4" h2="16" h3="4" />
        <part id="icon_aspect_ratio" x="384" y="256" w="20" h="16" />
        <part id="linear_gradient" x="352" y="256" w="16" h="16" />
        <part id="radial_gradient" x="368" y="256" w="16" h="16" />
        <part id="folder_icon_small" x="256" y="480" w="20" h="16" />
        <part id="folder_icon_big" x="192" y="448" w="64" h="64" />
        <part id="folder_icon_medium" x="256" y="448" w="32" h="32" />
        <part id="outline_circle" x="96" y="416" w="24" h="24" />
        <part id="outline_square" x="128" y="416" w="24" h="24" />
        <part id="outline_horizontal" x="96" y="448" w="24" h="24" />
        <part id="outline_vertical" x="128" y="448" w="24" h="24" />
        <part id="outline_empty_pixel" x="118" y="480" w="10" h="10" />
        <part id="outline_full_pixel" x="96" y="480" w="10" h="10" />
        <part id="list_view" x="64" y="384" w="18" h="18" />
        <part id="small_icon_view" x="64" y="402" w="18" h="18" />
        <part id="big_icon_view" x="64" y="420" w="18" h="18" />
        <part id="dynamics" x="352" y="288" w="32" h="32" />
    </parts>
    <styles>
        <style id="box" />
        <style id="grid" />
        <style id="window_without_title" border="1">
            <background color="window_face" />
            <border part="menu" />
        </style>
        <style id="window_with_title" border="4" border-top="19">
            <background color="window_face" />
            <border part="window" />
        </style>
        <style id="window_title_label" margin-top="6" margin-left="6">
            <background color="window_titlebar_face" />
            <text color="window_titlebar_text" align="left middle" />
        </style>
        <style id="window_button">
            <background color="window_titlebar_face" />
            <newlayer />
            <background part="window_button_normal" align="center middle" />
            <background part="window_button_hot" state="mouse" align="center middle" />
            <background part="window_button_selected" state="selected" align="center middle" />
        </style>
        <style id="window_close_button" extends="window_button" margin-top="1" margin-right="2">
            <newlayer />
            <icon part="window_close_icon" color="button_normal_text" />
            <icon part="window_close_icon" color="button_hot_text" state="mouse" />
            <icon part="window_close_icon" color="button_selected_text" state="selected" />
        </style>
        <style id="window_center_button" extends="window_button" margin-top="1" margin-right="2">
            <newlayer />
            <icon part="window_center_icon" color="button_normal_text" />
            <icon part="window_center_icon" color="button_hot_text" state="mouse" />
            <icon part="window_center_icon" color="button_selected_text" state="selected" />
        </style>
        <style id="window_play_button" extends="window_button" margin-top="1" margin-right="2">
            <newlayer />
            <icon part="window_play_icon" color="button_normal_text" />
            <icon part="window_play_icon" color="button_hot_text" state="mouse" />
            <icon part="window_play_icon" color="button_selected_text" state="selected" />
        </style>
        <style id="window_stop_button" extends="window_button" margin-top="1" margin-right="2">
            <newlayer />
            <icon part="window_stop_icon" color="button_normal_text" />
            <icon part="window_stop_icon" color="button_hot_text" state="mouse" />
            <icon part="window_stop_icon" color="button_selected_text" state="selected" />
        </style>
        <style id="popup_window">
            <background color="window_face" />
            <border part="menu" />
        </style>
        <style id="transparent_popup_window">
            <!-- nothing (transparent) -->
        </style>
        <style id="menu">
            <background color="window_face" />
        </style>
        <style id="menubox" extends="menu" border="4" />
        <style id="menubar" extends="menubox" border="1" />
        <style id="desktop">
            <background color="window_face" />
        </style>
        <style id="tooltip_window">
            <background part="tooltip" />
        </style>
        <style id="tooltip_window_arrow">
            <background part="tooltip_arrow" />
        </style>
        <style id="tooltip_face">
            <background color="tooltip_face" />
        </style>
        <style id="tooltip_text">
            <background color="tooltip_face" />
            <text color="tooltip_text" align="left" />
        </style>
        <style id="label" padding="1">
            <text color="text" align="left" />
            <text color="disabled" align="left" state="disabled" />
        </style>
        <style id="mini_label" extends="label" font="mini" />
        <style id="link">
            <text color="link_text" align="left" />
            <text color="link_hover" align="left" state="mouse" />
        </style>
        <style id="browser_link" extends="link" padding-top="1" />
        <style id="workspace_label">
            <text color="workspace_text" align="left" />
        </style>
        <style id="workspace_link">
            <text color="workspace_link" align="left" />
            <text color="workspace_link_hover" align="left" state="mouse" />
        </style>
        <style id="workspace_update_link">
            <background-border part="button_normal" />
            <background-border part="button_hot" state="mouse" />
            <background-border part="button_selected" state="selected" />
            <icon part="warning_box" align="right" />
            <text color="button_normal_text" align="left" />
            <text color="button_hot_text" align="left" state="mouse" />
            <text color="button_selected_text" align="left" state="selected" />
        </style>
        <style id="view" border="3" border-top="4">
            <background color="window_face" />
            <border part="sunken_normal" />
            <border part="sunken_focused" state="focus" />
        </style>
        <style id="editor_view">
            <background color="editor_view_face" />
            <border part="editor_normal" />
            <border part="editor_selected" state="selected" />
        </style>
        <style id="workspace_view" border-top="4" extends="view">
            <border part="editor_normal" />
            <border part="editor_selected" state="focus" />
        </style>
        <style id="colorbar_view">
            <border part="editor_normal" />
            <border part="editor_selected" state="focus" />
        </style>
        <style id="button">
            <background-border part="button_normal" />
            <background-border part="button_hot" state="mouse" />
            <background-border part="button_focused" state="focus" />
            <background-border part="button_selected" state="selected" />
            <text color="button_normal_text" />
            <text color="button_hot_text" state="mouse" />
            <text color="button_selected_text" state="selected" />
            <text color="background" x="1" y="1" state="disabled" />
            <newlayer />
            <text color="disabled" state="disabled" />
        </style>
        <style id="check_box" border="2">
            <background color="check_hot_face" state="mouse focus" />
            <background color="check_focus_face" state="focus" />
            <background color="check_hot_face" state="mouse" />
            <newlayer />
            <background part="check_focus" state="focus" />
            <text color="text" align="left middle" x="17" />
            <text color="disabled" align="left middle" x="16" state="disabled" />
            <icon part="check_normal" align="left middle" x="2" y="1" />
            <icon part="check_selected" align="left middle" x="2" y="1" state="selected" />
            <icon part="check_disabled" align="left middle" x="2" y="1" state="disabled" />
        </style>
        <style id="radio_button" border="2">
            <background color="radio_hot_face" state="mouse focus" />
            <background color="radio_focus_face" state="focus" />
            <background color="radio_hot_face" state="mouse" />
            <newlayer />
            <background part="radio_focus" state="focus" />
            <text color="text" align="left middle" x="14" />
            <text color="disabled" align="left middle" x="14" state="disabled" />
            <icon part="radio_normal" align="left middle" x="2" />
            <icon part="radio_selected" align="left middle" x="2" state="selected" />
            <icon part="radio_disabled" align="left middle" x="2" state="disabled" />
        </style>
        <style id="mini_button">
            <background-border part="toolbutton_last" />
            <background-border part="toolbutton_hot" state="mouse" />
            <background-border part="toolbutton_hot" state="focus" />
            <background-border part="toolbutton_pushed" state="selected" />
            <text color="button_normal_text" />
            <text color="button_hot_text" state="mouse" />
            <text color="button_selected_text" state="selected" />
        </style>
        <style id="mini_check_box" extends="check_box" font="mini" />
        <style id="combobox_button" extends="mini_button">
            <icon part="combobox_arrow_down" />
            <icon part="combobox_arrow_down_selected" state="selected" />
            <icon part="combobox_arrow_down_disabled" state="disabled" />
        </style>
        <style id="drop_down_button" extends="button">
            <background-border part="drop_down_button_left_normal" />
            <background-border part="drop_down_button_left_selected" state="selected" />
            <background-border part="drop_down_button_left_hot" state="mouse" />
            <background-border part="drop_down_button_left_focused" state="focus" />
        </style>
        <style id="drop_down_expand_button" extends="button">
            <background-border part="drop_down_button_right_normal" />
            <background-border part="drop_down_button_right_selected" state="selected" />
            <background-border part="drop_down_button_right_hot" state="mouse" />
            <background-border part="drop_down_button_right_focused" state="focus" />
            <icon part="combobox_arrow_down" />
            <icon part="combobox_arrow_down_selected" state="selected" />
            <icon part="combobox_arrow_down_disabled" state="disabled" />
        </style>
        <style id="go_back_button" extends="mini_button">
            <icon part="combobox_arrow_left" />
            <icon part="combobox_arrow_left_selected" state="selected" />
            <icon part="combobox_arrow_left_disabled" state="disabled" />
        </style>
        <style id="go_forward_button" extends="mini_button">
            <icon part="combobox_arrow_right" />
            <icon part="combobox_arrow_right_selected" state="selected" />
            <icon part="combobox_arrow_right_disabled" state="disabled" />
        </style>
        <style id="go_up_button" extends="mini_button">
            <icon part="combobox_arrow_up" />
            <icon part="combobox_arrow_up_selected" state="selected" />
            <icon part="combobox_arrow_up_disabled" state="disabled" />
        </style>
        <style id="new_folder_button" extends="mini_button">
            <icon part="newfolder" />
            <icon part="newfolder_selected" state="selected" />
        </style>
        <style id="color_wheel_options" border="1">
            <background color="editor_face" />
            <background color="check_hot_face" state="mouse" />
            <background color="check_hot_face" state="selected" />
            <icon part="pal_options" />
        </style>
        <style id="recover_sprites_button" extends="button" border="0" padding="8" />
        <style id="new_frame_button" extends="mini_button" />
        <style id="color_button" extends="mini_button" border="5" font="mini" />
        <style id="splitter">
            <background color="face" />
        </style>
        <style id="workspace_splitter">
            <background color="workspace" />
        </style>
        <style id="horizontal_separator" border-left="2" border-top="2" border-right="2" border-bottom="0">
            <background color="window_face" />
            <background-border part="separator_horz" align="middle" />
            <text color="separator_label" x="4" align="left middle" />
        </style>
        <style id="menu_separator" extends="horizontal_separator" />
        <style id="separator_in_view" extends="horizontal_separator">
            <background color="background" />
            <background-border part="separator_horz" align="middle" />
        </style>
        <style id="vertical_separator" border-left="4" border-top="2" border-right="1" border-bottom="2">
            <background-border part="separator_vert" align="center" />
        </style>
        <style id="recent_item" />
        <style id="recent_file" border="2">
            <background color="background" />
            <background color="menuitem_hot_face" state="mouse" />
            <background color="listitem_selected_face" state="selected" />
            <text color="text" align="left" x="2" />
            <text color="listitem_selected_text" align="left" x="2" state="selected" />
        </style>
        <style id="recent_file_detail" border="2" border-left="0" extends="recent_file">
            <text color="disabled" align="right" x="-22" />
        </style>
        <style id="recent_file_pin">
            <background color="background" />
            <background color="menuitem_hot_face" state="mouse" />
            <background color="listitem_selected_face" state="selected" />
            <icon part="unpinned" align="center middle" color="text" />
            <icon part="unpinned" align="center middle" color="listitem_selected_text" state="selected" />
            <icon part="pinned" align="center middle" color="text" state="focus" />
            <icon part="pinned" align="center middle" color="listitem_selected_text" state="focus selected" />
        </style>
        <style id="news_item" border="7">
            <background color="background" />
            <background color="menuitem_hot_face" state="mouse" />
            <background color="listitem_selected_face" state="selected" />
            <text color="text" align="left" x="0" />
            <text color="listitem_selected_text" align="left" x="2" state="selected" />
        </style>
        <style id="news_item_detail" extends="news_item" border="2">
            <text color="disabled" align="left top wordwrap" x="2" />
            <text color="listitem_selected_text" align="left top wordwrap" x="2" state="selected" />
        </style>
        <style id="scrollbar">
            <background part="mini_scrollbar_bg" />
        </style>
        <style id="scrollbar_thumb">
            <background part="mini_scrollbar_thumb" />
            <background part="mini_scrollbar_thumb_hot" state="mouse" />
        </style>
        <style id="mini_scrollbar">
            <background part="mini_scrollbar_bg" />
            <background part="mini_scrollbar_bg_hot" state="mouse" />
        </style>
        <style id="mini_scrollbar_thumb">
            <background part="mini_scrollbar_thumb" />
            <background part="mini_scrollbar_thumb_hot" state="mouse" />
        </style>
        <style id="transparent_scrollbar">
            <background part="transparent_scrollbar_bg" />
            <background part="transparent_scrollbar_bg_hot" state="mouse" />
        </style>
        <style id="transparent_scrollbar_thumb">
            <background part="transparent_scrollbar_thumb" />
            <background part="transparent_scrollbar_thumb_hot" state="mouse" />
        </style>
        <style id="main_tabs">
            <background color="window_face" />
        </style>
        <style id="workspace_tabs">
            <background color="workspace" />
        </style>
        <style id="tab">
            <background part="tab_normal" align="middle" />
            <background part="tab_active" align="middle" state="focus" />
            <text color="tab_normal_text" align="left" valign="middle" padding-left="4" padding-top="2" />
            <text color="tab_active_text" state="focus" />
        </style>
        <style id="tab_text">
            <text color="tab_normal_text" align="left middle" x="4" y="1" />
            <text color="tab_active_text" align="left middle" x="4" y="1" state="focus" />
        </style>
        <style id="tab_bottom">
            <background color="tab_active_face" state="focus" />
            <newlayer />
            <background part="tab_bottom_normal" align="middle" />
            <background part="tab_bottom_active" state="focus" />
        </style>
        <style id="tab_filler">
            <background part="tab_filler" align="middle" />
        </style>
        <style id="tab_icon">
            <background part="tab_icon_bg_hover" state="mouse" />
            <background part="tab_icon_bg_clicked" state="selected" />
        </style>
        <style id="tab_close_icon" extends="tab_icon">
            <icon part="tab_close_icon_normal" align="left middle" x="3" />
            <icon part="tab_close_icon_active" align="left middle" x="3" state="focus" />
            <icon part="tab_close_icon_normal" align="left middle" x="3" state="selected" />
        </style>
        <style id="tab_modified_icon" extends="tab_icon">
            <icon part="tab_modified_icon_normal" align="left middle" x="3" />
            <icon part="tab_modified_icon_active" align="left middle" x="3" state="focus" />
            <icon part="tab_modified_icon_normal" align="left middle" x="3" state="selected" />
        </style>
        <style id="tab_home">
            <icon part="tab_home_icon_normal" align="left middle" x="4" y="1" />
            <icon part="tab_home_icon_active" align="left middle" x="4" y="1" state="focus" />
        </style>
        <style id="flag">
            <background color="flag_normal" />
            <background color="flag_active" state="focus" />
            <background color="flag_clicked" state="selected" />
            <newlayer />
            <background part="flag_normal" />
            <background part="flag_highlight" state="focus" />
            <background part="flag_highlight" state="selected" />
        </style>
        <style id="warning_box" padding-left="2" padding-right="2">
            <background color="workspace" />
            <background color="hot_face" state="mouse" />
            <icon part="warning_box" align="center middle" />
        </style>
        <style id="timeline">
            <background part="timeline_normal" />
        </style>
        <style id="timeline_box">
            <background-border part="timeline_normal" />
            <background-border part="timeline_hover" state="mouse" />
            <background-border part="timeline_active" state="focus" />
            <background-border part="timeline_active_hover" state="focus mouse" />
            <background-border part="timeline_clicked" state="selected" />
        </style>
        <style id="timeline_open_eye" extends="timeline_box">
            <icon part="timeline_open_eye_normal" />
            <icon part="timeline_open_eye_active" state="focus" />
            <icon part="timeline_open_eye_active" state="selected" />
            <icon part="timeline_open_eye_normal" color="disabled" state="disabled" />
        </style>
        <style id="timeline_closed_eye" extends="timeline_box">
            <icon part="timeline_closed_eye_normal" />
            <icon part="timeline_closed_eye_active" state="focus" />
            <icon part="timeline_closed_eye_active" state="selected" />
            <icon part="timeline_closed_eye_normal" color="disabled" state="disabled" />
        </style>
        <style id="timeline_open_padlock" extends="timeline_box">
            <icon part="timeline_open_padlock_normal" />
            <icon part="timeline_open_padlock_active" state="focus" />
            <icon part="timeline_open_padlock_active" state="selected" />
            <icon part="timeline_open_padlock_normal" color="disabled" state="disabled" />
        </style>
        <style id="timeline_closed_padlock" extends="timeline_box">
            <icon part="timeline_closed_padlock_normal" />
            <icon part="timeline_closed_padlock_active" state="focus" />
            <icon part="timeline_closed_padlock_active" state="selected" />
            <icon part="timeline_closed_padlock_normal" color="disabled" state="disabled" />
        </style>
        <style id="timeline_continuous" extends="timeline_box">
            <icon part="timeline_continuous_normal" />
            <icon part="timeline_continuous_active" state="focus" />
            <icon part="timeline_continuous_active" state="selected" />
        </style>
        <style id="timeline_discontinuous" extends="timeline_box">
            <icon part="timeline_discontinuous_normal" />
            <icon part="timeline_discontinuous_active" state="focus" />
            <icon part="timeline_discontinuous_active" state="selected" />
        </style>
        <style id="timeline_closed_group" extends="timeline_box">
            <icon part="timeline_closed_group_normal" />
            <icon part="timeline_closed_group_active" state="focus" />
            <icon part="timeline_closed_group_active" state="selected" />
        </style>
        <style id="timeline_open_group" extends="timeline_box">
            <icon part="timeline_open_group_normal" />
            <icon part="timeline_open_group_active" state="focus" />
            <icon part="timeline_open_group_active" state="selected" />
        </style>
        <style id="timeline_layer" extends="timeline_box">
            <text color="timeline_normal_text" align="left middle" x="2" />
            <text color="timeline_hover_text" align="left middle" x="2" state="mouse" />
            <text color="timeline_active_text" align="left middle" x="2" state="focus" />
            <text color="timeline_active_hover_text" align="left middle" x="2" state="focus mouse" />
            <text color="timeline_clicked_text" align="left middle" x="2" state="selected" />
        </style>
        <style id="timeline_layer_text_only" extends="timeline_layer">
            <background-border part="timeline_none" />
            <background-border part="timeline_none" state="mouse" />
            <background-border part="timeline_none" state="focus" />
            <background-border part="timeline_none" state="focus mouse" />
            <background-border part="timeline_none" state="selected" />
        </style>
        <style id="timeline_header_frame" extends="timeline_box" font="mini">
            <text color="timeline_normal_text" />
            <text color="timeline_hover_text" state="mouse" />
            <text color="timeline_active_text" state="focus" />
            <text color="timeline_active_hover_text" state="focus mouse" />
            <text color="timeline_clicked_text" state="selected" />
        </style>
        <style id="timeline_selected_cel">
            <background part="timeline_clicked" />
            <text color="timeline_clicked_text" />
        </style>
        <style id="timeline_empty_frame">
            <icon part="timeline_empty_frame_normal" />
            <icon part="timeline_empty_frame_active" state="focus" />
        </style>
        <style id="timeline_keyframe">
            <icon part="timeline_keyframe_normal" />
            <icon part="timeline_keyframe_active" state="focus" />
        </style>
        <style id="timeline_from_left">
            <icon part="timeline_from_left_normal" />
            <icon part="timeline_from_left_active" state="focus" />
        </style>
        <style id="timeline_from_right">
            <icon part="timeline_from_right_normal" />
            <icon part="timeline_from_right_active" state="focus" />
        </style>
        <style id="timeline_from_both">
            <icon part="timeline_from_both_normal" />
            <icon part="timeline_from_both_active" state="focus" />
        </style>
        <style id="timeline_left_link">
            <icon part="timeline_left_link_active" />
        </style>
        <style id="timeline_right_link">
            <icon part="timeline_right_link_active" />
        </style>
        <style id="timeline_both_links">
            <icon part="timeline_both_links_active" />
        </style>
        <style id="timeline_gear" extends="timeline_box">
            <icon part="timeline_gear" />
            <icon part="timeline_gear_active" state="focus" />
            <icon part="timeline_gear_active" state="selected" />
        </style>
        <style id="timeline_onionskin" extends="timeline_box">
            <icon part="timeline_onionskin" />
            <icon part="timeline_onionskin_active" state="focus" />
            <icon part="timeline_onionskin_active" state="selected" />
        </style>
        <style id="timeline_onionskin_range">
            <background part="timeline_onionskin_range" />
        </style>
        <style id="timeline_padding">
            <background part="timeline_padding" />
        </style>
        <style id="timeline_padding_tr">
            <background part="timeline_padding_tr" />
        </style>
        <style id="timeline_padding_bl">
            <background part="timeline_padding_bl" />
        </style>
        <style id="timeline_padding_br">
            <background part="timeline_padding_br" />
        </style>
        <style id="timeline_range_outline">
            <background part="colorbar_selection" state="focus" />
            <background part="colorbar_selection_hot" state="focus mouse" />
        </style>
        <style id="timeline_drop_layer_deco">
            <background part="timeline_drop_layer_deco" />
        </style>
        <style id="timeline_drop_frame_deco">
            <background part="timeline_drop_frame_deco" />
        </style>
        <style id="timeline_loop_range">
            <background part="timeline_loop_range" />
        </style>
        <style id="timeline_switch_band_button" extends="window_button">
            <background color="none" />
            <newlayer />
            <icon part="window_center_icon" color="button_normal_text" />
            <icon part="window_center_icon" color="button_hot_text" state="mouse" />
            <icon part="window_center_icon" color="button_selected_text" state="selected" />
        </style>
        <style id="shade_selection">
            <background part="colorbar_selection_hot" />
        </style>
        <style id="colorbar_selection">
            <background part="colorbar_selection" />
            <background part="colorbar_selection_hot" state="mouse" />
        </style>
        <style id="simple_color">
            <background color="face" />
            <background color="menuitem_hot_face" state="mouse" />
            <border part="simple_color_border" />
            <border part="simple_color_selected" state="selected" />
        </style>
        <style id="list_item" border="1">
            <background color="listitem_normal_face" />
            <background color="listitem_selected_face" state="selected" />
            <background color="face" state="disabled" />
            <background color="listitem_selected_face" state="selected disabled" />
            <text color="listitem_normal_text" align="left middle" x="1" />
            <text color="listitem_selected_text" align="left middle" x="1" state="selected" />
            <text color="disabled" align="left middle" x="1" state="disabled" />
        </style>
        <style id="aseprite_face" border-top="-15">
            <icon part="aseprite_face" />
            <icon part="aseprite_face_mouse" state="mouse" />
            <icon part="aseprite_face_pushed" state="mouse selected" />
        </style>
        <style id="timeline_focused_cel">
            <background part="timeline_focused" />
        </style>
    </styles>
</theme>
